"id","text","label","source_site","source_url","source_context","notes"
"1","For a couple who love Halloween. My first attempt at amigurumi. And probably my last, far too fiddly for my liking.","showcase_reaction","KnittingHelp","https://forum.knittinghelp.com/t/wedding-gift-recently-finished/172319","Wedding gift recently finished","public excerpt"
"2","So beautifully done! Is the grey doll's nose made with a bullion stitch?","showcase_reaction","KnittingHelp","https://forum.knittinghelp.com/t/wedding-gift-recently-finished/172319","Wedding gift recently finished","public excerpt"
"3","I do some embroidery too. It works really well the way you did it.","showcase_reaction","KnittingHelp","https://forum.knittinghelp.com/t/wedding-gift-recently-finished/172319","Wedding gift recently finished","public excerpt"
"4","This came out so nicely! I'm also not a big fan of doing amigurumi.","showcase_reaction","KnittingHelp","https://forum.knittinghelp.com/t/wedding-gift-recently-finished/172319","Wedding gift recently finished","public excerpt"
"5","You have to work so tightly, so it hurts my hands after not very long.","meta_opinion","KnittingHelp","https://forum.knittinghelp.com/t/wedding-gift-recently-finished/172319","Wedding gift recently finished","public excerpt"
"6","Love these!","showcase_reaction","KnittingHelp","https://forum.knittinghelp.com/t/wedding-gift-recently-finished/172319","Wedding gift recently finished","public excerpt"
"7","Wow! What a fabulous gift. It brought a huge smile to my face.","showcase_reaction","KnittingHelp","https://forum.knittinghelp.com/t/wedding-gift-recently-finished/172319","Wedding gift recently finished","public excerpt"
"8","These are so cute! Well done. Thanks for sharing","showcase_reaction","KnittingHelp","https://forum.knittinghelp.com/t/wedding-gift-recently-finished/172319","Wedding gift recently finished","public excerpt"
"9","This popped up on a social media vid-clip-chain. I had to share, because it made me lol.","showcase_reaction","KnittingHelp","https://forum.knittinghelp.com/t/funny-rhymes-to-help-learn-a-new-hobby/159112","Funny rhymes to help learn a new hobby","public excerpt"
"10","Ha! it is quite violent!","showcase_reaction","KnittingHelp","https://forum.knittinghelp.com/t/funny-rhymes-to-help-learn-a-new-hobby/159112","Funny rhymes to help learn a new hobby","public excerpt"
"11","I notice occasionally some people have quite a violent knitting style whilst others are so serene.","meta_opinion","KnittingHelp","https://forum.knittinghelp.com/t/funny-rhymes-to-help-learn-a-new-hobby/159112","Funny rhymes to help learn a new hobby","public excerpt"
"12","I've seen the same used for knitting. Gotta love people with a sense of humor.","showcase_reaction","KnittingHelp","https://forum.knittinghelp.com/t/funny-rhymes-to-help-learn-a-new-hobby/159112","Funny rhymes to help learn a new hobby","public excerpt"
"13","I can't even begin to say how horrid I think this is.","meta_opinion","KnittingHelp","https://forum.knittinghelp.com/t/funny-rhymes-to-help-learn-a-new-hobby/159112","Funny rhymes to help learn a new hobby","public excerpt"
"14","Sadly, there really is some good content out there, and it gets lost in this sort of useless rubbish.","meta_opinion","KnittingHelp","https://forum.knittinghelp.com/t/funny-rhymes-to-help-learn-a-new-hobby/159112","Funny rhymes to help learn a new hobby","public excerpt"
"15","I believe the motions in the video were more a dramatisation of the words in the rhyme than a suggestion of technique.","meta_opinion","KnittingHelp","https://forum.knittinghelp.com/t/funny-rhymes-to-help-learn-a-new-hobby/159112","Funny rhymes to help learn a new hobby","public excerpt"
"16","Should I add a disclaimer that I don't endorse the technique displayed in the video?","meta_opinion","KnittingHelp","https://forum.knittinghelp.com/t/funny-rhymes-to-help-learn-a-new-hobby/159112","Funny rhymes to help learn a new hobby","public excerpt"
"17","I've never found this to apply especially well to crochet.","meta_opinion","KnittingHelp","https://forum.knittinghelp.com/t/funny-rhymes-to-help-learn-a-new-hobby/159112","Funny rhymes to help learn a new hobby","public excerpt"
"18","Surely we can come up with a single crochet stitch rhyme.","meta_opinion","KnittingHelp","https://forum.knittinghelp.com/t/funny-rhymes-to-help-learn-a-new-hobby/159112","Funny rhymes to help learn a new hobby","public excerpt"
"19","I'm confused with a cardigan pattern. I am currently working on the back panel.","technical_help","KnittingHelp","https://forum.knittinghelp.com/t/crochet-pattern-help/170747","Crochet Pattern Help","public excerpt"
"20","So I read Row 9-12 as decreasing overall an additional 4 sts making 84?","technical_help","KnittingHelp","https://forum.knittinghelp.com/t/crochet-pattern-help/170747","Crochet Pattern Help","public excerpt"
"21","Is the pattern wrong or me? I really don't want to undo all my work.","technical_help","KnittingHelp","https://forum.knittinghelp.com/t/crochet-pattern-help/170747","Crochet Pattern Help","public excerpt"
"22","Can you tell us the name and designer of your pattern, please?","technical_help","KnittingHelp","https://forum.knittinghelp.com/t/crochet-pattern-help/170747","Crochet Pattern Help","public excerpt"
"23","It looks like the pattern does take into account the decrease of 4 sts over rows 9-12.","technical_help","KnittingHelp","https://forum.knittinghelp.com/t/crochet-pattern-help/170747","Crochet Pattern Help","public excerpt"
"24","A short section of the pattern would be fine. We can't post large portions due to designer copyright.","meta_opinion","KnittingHelp","https://forum.knittinghelp.com/t/crochet-pattern-help/170747","Crochet Pattern Help","public excerpt"
"25","I wonder if it should say Rows 9-12 as Row 8?","technical_help","KnittingHelp","https://forum.knittinghelp.com/t/crochet-pattern-help/170747","Crochet Pattern Help","public excerpt"
"26","What is the gauge/tension you're working at?","technical_help","KnittingHelp","https://forum.knittinghelp.com/t/crochet-pattern-help/170747","Crochet Pattern Help","public excerpt"
"27","Hi. I'm making my first hat and it's just turning out like a pancake.","technical_help","KnittingHelp","https://forum.knittinghelp.com/t/crochet-hat-problem/70917","Crochet Hat Problem","public excerpt"
"28","What am I doing wrong? Do all hats do this until the end?","technical_help","KnittingHelp","https://forum.knittinghelp.com/t/crochet-hat-problem/70917","Crochet Hat Problem","public excerpt"
"29","It would be really helpful if you could provide a link to the pattern you are using.","technical_help","KnittingHelp","https://forum.knittinghelp.com/t/crochet-hat-problem/70917","Crochet Hat Problem","public excerpt"
"30","It sounds like you are still increasing and that is why it is a pancake shape.","technical_help","KnittingHelp","https://forum.knittinghelp.com/t/crochet-hat-problem/70917","Crochet Hat Problem","public excerpt"
"31","Usually it takes a couple inches after you stop the increases for it to begin to curve.","technical_help","KnittingHelp","https://forum.knittinghelp.com/t/crochet-hat-problem/70917","Crochet Hat Problem","public excerpt"
"32","I do way more crocheting than knitting, and I make a ton of hats.","meta_opinion","KnittingHelp","https://forum.knittinghelp.com/t/crochet-hat-problem/70917","Crochet Hat Problem","public excerpt"
"33","Sometimes it's easy to get confused on where to end and begin the next row.","technical_help","KnittingHelp","https://forum.knittinghelp.com/t/crochet-hat-problem/70917","Crochet Hat Problem","public excerpt"
"34","How do your stitch numbers match up with what you should have by then?","technical_help","KnittingHelp","https://forum.knittinghelp.com/t/crochet-hat-problem/70917","Crochet Hat Problem","public excerpt"
"35","I am redoing from row 9 and the last four rows have had 61 sc.","technical_help","KnittingHelp","https://forum.knittinghelp.com/t/crochet-hat-problem/70917","Crochet Hat Problem","public excerpt"
"36","The same exact thing is happening to me and I'm a new crocheter.","technical_help","KnittingHelp","https://forum.knittinghelp.com/t/crochet-hat-problem/70917","Crochet Hat Problem","public excerpt"
"37","You might find this video helpful.","technical_help","KnittingHelp","https://forum.knittinghelp.com/t/crochet-hat-problem/70917","Crochet Hat Problem","public excerpt"
"38","The crown being flat shouldn't be a problem.","technical_help","KnittingHelp","https://forum.knittinghelp.com/t/crochet-hat-problem/70917","Crochet Hat Problem","public excerpt"
"39","I have made a top with dc vertically. It is too short.","technical_help","KnittingHelp","https://forum.knittinghelp.com/t/crochet-please-help-joining-2-pieces-of-dc-top-together-not-using-slip-mattress-or-invisible-stitch/166064","Joining crochet pieces","public excerpt"
"40","What other way can I attach them?","technical_help","KnittingHelp","https://forum.knittinghelp.com/t/crochet-please-help-joining-2-pieces-of-dc-top-together-not-using-slip-mattress-or-invisible-stitch/166064","Joining crochet pieces","public excerpt"
"41","There is the Bickford seam which isn't the sturdiest but this shouldn't be an area that needs strain.","technical_help","KnittingHelp","https://forum.knittinghelp.com/t/crochet-please-help-joining-2-pieces-of-dc-top-together-not-using-slip-mattress-or-invisible-stitch/166064","Joining crochet pieces","public excerpt"
"42","What I would suggest is to attach it while crocheting the last row of extension.","technical_help","KnittingHelp","https://forum.knittinghelp.com/t/crochet-please-help-joining-2-pieces-of-dc-top-together-not-using-slip-mattress-or-invisible-stitch/166064","Joining crochet pieces","public excerpt"
"43","A photo of your work if possible would be helpful.","technical_help","KnittingHelp","https://forum.knittinghelp.com/t/crochet-please-help-joining-2-pieces-of-dc-top-together-not-using-slip-mattress-or-invisible-stitch/166064","Joining crochet pieces","public excerpt"
"44","If you can't hide it, feature it!","critique_feedback","KnittingHelp","https://forum.knittinghelp.com/t/crochet-please-help-joining-2-pieces-of-dc-top-together-not-using-slip-mattress-or-invisible-stitch/166064","Joining crochet pieces","public excerpt"
"45","Use a totally different stitch pattern, or different color, or both.","critique_feedback","KnittingHelp","https://forum.knittinghelp.com/t/crochet-please-help-joining-2-pieces-of-dc-top-together-not-using-slip-mattress-or-invisible-stitch/166064","Joining crochet pieces","public excerpt"
"46","It was a bit like sewing with a hook.","meta_opinion","KnittingHelp","https://forum.knittinghelp.com/t/crochet-please-help-joining-2-pieces-of-dc-top-together-not-using-slip-mattress-or-invisible-stitch/166064","Joining crochet pieces","public excerpt"
"47","Am doing a Christian robe am stuck at part, can anyone help me","technical_help","KnittingHelp","https://forum.knittinghelp.com/t/need-help-with-pattern/165597","Need help with pattern","public excerpt"
"48","What pattern is this? If it's online could you provide a link please.","technical_help","KnittingHelp","https://forum.knittinghelp.com/t/need-help-with-pattern/165597","Need help with pattern","public excerpt"
"49","We also need to know exactly what you're stuck on.","technical_help","KnittingHelp","https://forum.knittinghelp.com/t/need-help-with-pattern/165597","Need help with pattern","public excerpt"
"50","I'm crocheting a stuffed snake for my friend and I'm having trouble understanding a specific step.","technical_help","KnittingHelp","https://forum.knittinghelp.com/t/need-help-reading-a-pattern-step/165564","Need help reading a pattern step","public excerpt"
"51","I'm not sure if it's asking me to do 2 single crochets and an increase.","technical_help","KnittingHelp","https://forum.knittinghelp.com/t/need-help-reading-a-pattern-step/165564","Need help reading a pattern step","public excerpt"
"52","As I read it sc, sc, 2 sc in the next st.","technical_help","KnittingHelp","https://forum.knittinghelp.com/t/need-help-reading-a-pattern-step/165564","Need help reading a pattern step","public excerpt"
"53","That should work if you have 15 stitches.","technical_help","KnittingHelp","https://forum.knittinghelp.com/t/need-help-reading-a-pattern-step/165564","Need help reading a pattern step","public excerpt"
"54","When counting how many stitches you have available to work into, count inc as 1, not 2.","technical_help","KnittingHelp","https://forum.knittinghelp.com/t/need-help-reading-a-pattern-step/165564","Need help reading a pattern step","public excerpt"
"55","Okay, I figured out I misread it originally thanks for the help!","showcase_reaction","KnittingHelp","https://forum.knittinghelp.com/t/need-help-reading-a-pattern-step/165564","Need help reading a pattern step","public excerpt"
"56","Easy to do! We've all been there.","showcase_reaction","KnittingHelp","https://forum.knittinghelp.com/t/need-help-reading-a-pattern-step/165564","Need help reading a pattern step","public excerpt"
"57","I'm following a Leisure Art pattern for Alluring Fisherman Blanket.","technical_help","KnittingHelp","https://forum.knittinghelp.com/t/stuck-on-a-cable-stitch/165210","Stuck on a cable stitch","public excerpt"
"58","I've never made a cable stitch like this. Any suggestions would be helpful.","technical_help","KnittingHelp","https://forum.knittinghelp.com/t/stuck-on-a-cable-stitch/165210","Stuck on a cable stitch","public excerpt"
"59","Maybe seeing the results someone else got will help.","technical_help","KnittingHelp","https://forum.knittinghelp.com/t/stuck-on-a-cable-stitch/165210","Stuck on a cable stitch","public excerpt"
"60","My cables look more inverted than puffy. Obviously my technique is way off.","technical_help","KnittingHelp","https://forum.knittinghelp.com/t/stuck-on-a-cable-stitch/165210","Stuck on a cable stitch","public excerpt"
"61","Could you post a photo of your work showing the problem?","technical_help","KnittingHelp","https://forum.knittinghelp.com/t/stuck-on-a-cable-stitch/165210","Stuck on a cable stitch","public excerpt"
"62","Is it possible you just need to push the stitches through so they are puffing on the right side?","technical_help","KnittingHelp","https://forum.knittinghelp.com/t/stuck-on-a-cable-stitch/165210","Stuck on a cable stitch","public excerpt"
"63","Are you possibly confusing FPDC and BPDC?","technical_help","KnittingHelp","https://forum.knittinghelp.com/t/stuck-on-a-cable-stitch/165210","Stuck on a cable stitch","public excerpt"
"64","This person says she did Trebles for the crosses, which is also common.","technical_help","KnittingHelp","https://forum.knittinghelp.com/t/stuck-on-a-cable-stitch/165210","Stuck on a cable stitch","public excerpt"
"65","I'm so grateful for your help. I'm trying to post a picture of the mess I'm making.","showcase_reaction","KnittingHelp","https://forum.knittinghelp.com/t/stuck-on-a-cable-stitch/165210","Stuck on a cable stitch","public excerpt"
"66","I think your cable stitches worked with fpdc aren't crossed correctly.","technical_help","KnittingHelp","https://forum.knittinghelp.com/t/stuck-on-a-cable-stitch/165210","Stuck on a cable stitch","public excerpt"
"67","I decided to attempt the instructions you posted and here's what I got.","technical_help","KnittingHelp","https://forum.knittinghelp.com/t/stuck-on-a-cable-stitch/165210","Stuck on a cable stitch","public excerpt"
"68","I don't see your FPDC stitches criss-crossing at all.","critique_feedback","KnittingHelp","https://forum.knittinghelp.com/t/stuck-on-a-cable-stitch/165210","Stuck on a cable stitch","public excerpt"
"69","Maybe practice some of this type on a swatch until you get the hang of how to cross the stitches.","technical_help","KnittingHelp","https://forum.knittinghelp.com/t/stuck-on-a-cable-stitch/165210","Stuck on a cable stitch","public excerpt"
"70","All of these suggestions are amazing. Thank you so much!","showcase_reaction","KnittingHelp","https://forum.knittinghelp.com/t/stuck-on-a-cable-stitch/165210","Stuck on a cable stitch","public excerpt"
"71","It seems the way the pattern reads the WS should be done using the BPDC.","technical_help","KnittingHelp","https://forum.knittinghelp.com/t/stuck-on-a-cable-stitch/165210","Stuck on a cable stitch","public excerpt"
"72","Are the comments from the Ravelry posters any help?","technical_help","KnittingHelp","https://forum.knittinghelp.com/t/stuck-on-a-cable-stitch/165210","Stuck on a cable stitch","public excerpt"
"73","Getting yarn and a hook now...","technical_help","KnittingHelp","https://forum.knittinghelp.com/t/stuck-on-a-cable-stitch/165210","Stuck on a cable stitch","public excerpt"
"74","All of the post stitches are worked by inserting the hook into the front of the fabric.","technical_help","KnittingHelp","https://forum.knittinghelp.com/t/stuck-on-a-cable-stitch/165210","Stuck on a cable stitch","public excerpt"
"75","Wow, that's exactly how I would like it to look, but having no luck.","critique_feedback","KnittingHelp","https://forum.knittinghelp.com/t/stuck-on-a-cable-stitch/165210","Stuck on a cable stitch","public excerpt"
"76","I can work another row and take stitch-by-stitch photos, if you think that would help?","technical_help","KnittingHelp","https://forum.knittinghelp.com/t/stuck-on-a-cable-stitch/165210","Stuck on a cable stitch","public excerpt"
"77","Using the markers was genius. I've had my AHA moment.","showcase_reaction","KnittingHelp","https://forum.knittinghelp.com/t/stuck-on-a-cable-stitch/165210?page=2","Stuck on a cable stitch page 2","public excerpt"
"78","I love using markers to color-code things.","meta_opinion","KnittingHelp","https://forum.knittinghelp.com/t/stuck-on-a-cable-stitch/165210?page=2","Stuck on a cable stitch page 2","public excerpt"
"79","I don't have a lot of crochet experience and thought I'd present it here in case someone knows an easy fix.","technical_help","KnittingHelp","https://forum.knittinghelp.com/t/shell-baby-blanket-mistake-help/165122","Shell baby blanket mistake help","public excerpt"
"80","Ouch. I wish I could help.","showcase_reaction","KnittingHelp","https://forum.knittinghelp.com/t/shell-baby-blanket-mistake-help/165122","Shell baby blanket mistake help","public excerpt"
"81","I wonder if a kind of duplicate stitch up and around the base of the shell above would work.","technical_help","KnittingHelp","https://forum.knittinghelp.com/t/shell-baby-blanket-mistake-help/165122","Shell baby blanket mistake help","public excerpt"
"82","It would be easy to fix if only that part is missing.","technical_help","KnittingHelp","https://forum.knittinghelp.com/t/shell-baby-blanket-mistake-help/165122","Shell baby blanket mistake help","public excerpt"
"83","Oh wow, thank you. I didn't even see that.","showcase_reaction","KnittingHelp","https://forum.knittinghelp.com/t/shell-baby-blanket-mistake-help/165122","Shell baby blanket mistake help","public excerpt"
"84","Try it with a short length of yarn and if you don't like the look, you can always pull the strand through.","technical_help","KnittingHelp","https://forum.knittinghelp.com/t/shell-baby-blanket-mistake-help/165122","Shell baby blanket mistake help","public excerpt"
"85","I am new-ish to crocheting. I'm struggling to get my tension sorted.","technical_help","KnittingHelp","https://forum.knittinghelp.com/t/crochet-tension/162634","Crochet tension","public excerpt"
"86","Tension is something you'll learn with time.","technical_help","KnittingHelp","https://forum.knittinghelp.com/t/crochet-tension/162634","Crochet tension","public excerpt"
"87","If you are crocheting straight from the ball your tension will be tight.","technical_help","KnittingHelp","https://forum.knittinghelp.com/t/crochet-tension/162634","Crochet tension","public excerpt"
"88","There's no right way to hold the yarn; it's whatever works for you.","technical_help","KnittingHelp","https://forum.knittinghelp.com/t/crochet-tension/162634","Crochet tension","public excerpt"
"89","Thanks for your efforts, but I'm loose not tight!","technical_help","KnittingHelp","https://forum.knittinghelp.com/t/crochet-tension/162634","Crochet tension","public excerpt"
"90","Every blogger on the planet rambles for 2,000 words and has nothing practical to say.","meta_opinion","KnittingHelp","https://forum.knittinghelp.com/t/crochet-tension/162634","Crochet tension","public excerpt"
"91","You could look into a tension ring.","technical_help","KnittingHelp","https://forum.knittinghelp.com/t/crochet-tension/162634","Crochet tension","public excerpt"
"92","Even tension is something that comes with practice.","technical_help","KnittingHelp","https://forum.knittinghelp.com/t/crochet-tension/162634","Crochet tension","public excerpt"
"93","If you are a loose crocheter you might try going to a smaller hook size.","technical_help","KnittingHelp","https://forum.knittinghelp.com/t/crochet-tension/162634","Crochet tension","public excerpt"
"94","See if this video helps.","technical_help","KnittingHelp","https://forum.knittinghelp.com/t/crochet-tension/162634","Crochet tension","public excerpt"
"95","If your yarn is thicker then you'd naturally be needing a smaller hook to make gauge.","technical_help","KnittingHelp","https://forum.knittinghelp.com/t/crochet-tension/162634","Crochet tension","public excerpt"
"96","It can take a lot of experimenting to find the best hold for you.","technical_help","KnittingHelp","https://forum.knittinghelp.com/t/crochet-tension/162634","Crochet tension","public excerpt"
"97","So there is a great crocheter and a great knitter in your family? How nice!","showcase_reaction","KnittingHelp","https://forum.knittinghelp.com/t/crochet-tension/162634","Crochet tension","public excerpt"
"98","Would someone be able to advise me about the best yarn to crochet a tote bag with granny squares?","technical_help","KnittingHelp","https://forum.knittinghelp.com/t/best-yarn-to-crochet-a-granny-square-tote-bag/160906","Best yarn for granny square tote","public excerpt"
"99","I'd use either acrylic or cotton yarn.","technical_help","KnittingHelp","https://forum.knittinghelp.com/t/best-yarn-to-crochet-a-granny-square-tote-bag/160906","Best yarn for granny square tote","public excerpt"
"100","For a tote bag that will get a lot of wear and tear I'd just stick with cheaper yarn.","technical_help","KnittingHelp","https://forum.knittinghelp.com/t/best-yarn-to-crochet-a-granny-square-tote-bag/160906","Best yarn for granny square tote","public excerpt"
"101","Questions are good, please don't apologize for asking.","showcase_reaction","KnittingHelp","https://forum.knittinghelp.com/t/best-yarn-to-crochet-a-granny-square-tote-bag/160906","Best yarn for granny square tote","public excerpt"
"102","I came across it on the site I tend to use for yarn shopping.","technical_help","KnittingHelp","https://forum.knittinghelp.com/t/best-yarn-to-crochet-a-granny-square-tote-bag/160906","Best yarn for granny square tote","public excerpt"
"103","The crochet patterns available look stunning.","showcase_reaction","KnittingHelp","https://forum.knittinghelp.com/t/best-yarn-to-crochet-a-granny-square-tote-bag/160906","Best yarn for granny square tote","public excerpt"
"104","You have been so helpful and I really appreciate it.","showcase_reaction","KnittingHelp","https://forum.knittinghelp.com/t/best-yarn-to-crochet-a-granny-square-tote-bag/160906","Best yarn for granny square tote","public excerpt"
"105","The brand of yarn doesn't matter. The point is, it's inexpensive.","technical_help","KnittingHelp","https://forum.knittinghelp.com/t/best-yarn-to-crochet-a-granny-square-tote-bag/160906","Best yarn for granny square tote","public excerpt"
"106","I like that pattern. I was going to suggest a lining and this pattern has that.","critique_feedback","KnittingHelp","https://forum.knittinghelp.com/t/best-yarn-to-crochet-a-granny-square-tote-bag/160906","Best yarn for granny square tote","public excerpt"
"107","If you want a larger bag, just make larger granny squares.","technical_help","KnittingHelp","https://forum.knittinghelp.com/t/best-yarn-to-crochet-a-granny-square-tote-bag/160906","Best yarn for granny square tote","public excerpt"
"108","The opportunity to play around with colors could make it a great stash scraps buster.","meta_opinion","KnittingHelp","https://forum.knittinghelp.com/t/best-yarn-to-crochet-a-granny-square-tote-bag/160906","Best yarn for granny square tote","public excerpt"
"109","Are you wanting a basic granny square or something fancier?","technical_help","KnittingHelp","https://forum.knittinghelp.com/t/best-yarn-to-crochet-a-granny-square-tote-bag/160906","Best yarn for granny square tote","public excerpt"
"110","You can make a granny square as large as you like just working the same round over and over.","technical_help","KnittingHelp","https://forum.knittinghelp.com/t/best-yarn-to-crochet-a-granny-square-tote-bag/160906","Best yarn for granny square tote","public excerpt"
"111","I thought I might ask about Tunisian crochet.","technical_help","KnittingHelp","https://forum.knittinghelp.com/t/tunisian-crochet/161008","Tunisian crochet","public excerpt"
"112","Can you buy a cheap set at a big box store?","technical_help","KnittingHelp","https://forum.knittinghelp.com/t/tunisian-crochet/161008","Tunisian crochet","public excerpt"
"113","Is Tunisian crochet the same as Afghan crochet?","technical_help","KnittingHelp","https://forum.knittinghelp.com/t/tunisian-crochet/161008","Tunisian crochet","public excerpt"
"114","Tunisian crochet is fun to work but I don't have much experience with it.","meta_opinion","KnittingHelp","https://forum.knittinghelp.com/t/tunisian-crochet/161008","Tunisian crochet","public excerpt"
"115","Tunisian crochet is what used to be called Afghan crochet.","technical_help","KnittingHelp","https://forum.knittinghelp.com/t/tunisian-crochet/161008","Tunisian crochet","public excerpt"
"116","While I liked the drape of the fabric, it seemed to just make crochet take as long as knitting.","meta_opinion","KnittingHelp","https://forum.knittinghelp.com/t/tunisian-crochet/161008","Tunisian crochet","public excerpt"
"117","Rule #1 for Tunisian: Go up at least two hook sizes.","technical_help","KnittingHelp","https://forum.knittinghelp.com/t/tunisian-crochet/161008","Tunisian crochet","public excerpt"
"118","You don't need to buy special hooks to try out TC.","technical_help","KnittingHelp","https://forum.knittinghelp.com/t/tunisian-crochet/161008","Tunisian crochet","public excerpt"
"119","I started TC with entrelac and then got hooked.","meta_opinion","KnittingHelp","https://forum.knittinghelp.com/t/tunisian-crochet/161008","Tunisian crochet","public excerpt"
"120","I tried out Tunisian a while back and worked a small washcloth.","showcase_reaction","KnittingHelp","https://forum.knittinghelp.com/t/tunisian-crochet/161008","Tunisian crochet","public excerpt"
"121","The latter was much less stiff and brought out the stitch pattern more.","critique_feedback","KnittingHelp","https://forum.knittinghelp.com/t/tunisian-crochet/161008","Tunisian crochet","public excerpt"
"122","Not at all what you asked, but if you're looking for more challenging crochet projects, try these designers.","technical_help","KnittingHelp","https://forum.knittinghelp.com/t/tunisian-crochet/161008","Tunisian crochet","public excerpt"
"123","Bundles like this are a great starter for a hobby and if you get really into it you can upgrade later.","meta_opinion","KnittingHelp","https://forum.knittinghelp.com/t/tunisian-crochet/161008","Tunisian crochet","public excerpt"
"124","I have learnt that we really do need to do a swatch to get our gauge prior to each project.","meta_opinion","KnittingHelp","https://forum.knittinghelp.com/t/tunisian-crochet/161008","Tunisian crochet","public excerpt"
"125","As always remember to stretch at regular intervals and have fun.","technical_help","KnittingHelp","https://forum.knittinghelp.com/t/tunisian-crochet/161008","Tunisian crochet","public excerpt"
"126","I love how they look. Several just got added to the to do list!","showcase_reaction","KnittingHelp","https://forum.knittinghelp.com/t/tunisian-crochet/161008","Tunisian crochet","public excerpt"
"127","I didn't want to buy an expensive set until I knew more about Tunisian crochet.","meta_opinion","KnittingHelp","https://forum.knittinghelp.com/t/tunisian-crochet/161008","Tunisian crochet","public excerpt"
"128","All of their patterns have been thoroughly tested, so it's very rare to find errors.","meta_opinion","KnittingHelp","https://forum.knittinghelp.com/t/tunisian-crochet/161008","Tunisian crochet","public excerpt"
"129","Post your works for fellow community members to critique and provide feedback!","critique_feedback","WetCanvas","https://www.wetcanvas.com/forums/forum/the-wetcanvas-galleria/open-critique-forum/","Open Critique Forum listing","forum description"
"130","Style critique appreciated","critique_feedback","WetCanvas","https://www.wetcanvas.com/forums/forum/the-wetcanvas-galleria/open-critique-forum/","Open Critique Forum listing","thread title only"
"131","Need help and suggestions on improving values and contrast","critique_feedback","WetCanvas","https://www.wetcanvas.com/forums/forum/the-wetcanvas-galleria/open-critique-forum/","Open Critique Forum listing","thread title only"
"132","Help would be appreciated","critique_feedback","WetCanvas","https://www.wetcanvas.com/forums/forum/the-wetcanvas-galleria/open-critique-forum/","Open Critique Forum listing","thread title only"
"133","Shadowed Trail - Cowboy & Horse No 4","showcase_reaction","WetCanvas","https://www.wetcanvas.com/forums/forum/the-wetcanvas-galleria/open-critique-forum/","Open Critique Forum listing","thread title only"
"134","Seascape Coastal Concert","showcase_reaction","WetCanvas","https://www.wetcanvas.com/forums/forum/the-wetcanvas-galleria/open-critique-forum/","Open Critique Forum listing","thread title only"
"135","Fox in the briers water colour","showcase_reaction","WetCanvas","https://www.wetcanvas.com/forums/forum/the-wetcanvas-galleria/open-critique-forum/","Open Critique Forum listing","thread title only"
"136","My New WC painting","showcase_reaction","WetCanvas","https://www.wetcanvas.com/forums/forum/the-wetcanvas-galleria/open-critique-forum/","Open Critique Forum listing","thread title only"
"137","Some of my recent watercolor paintings","showcase_reaction","WetCanvas","https://www.wetcanvas.com/forums/forum/the-wetcanvas-galleria/open-critique-forum/","Open Critique Forum listing","thread title only"
"138","Join us for interesting and informative discussions of techniques, materials, and approaches to working with watercolors.","meta_opinion","WetCanvas","https://www.wetcanvas.com/forums/forum/explore-media/watercolor/","Watercolor forum listing","forum description"
"139","Learning demos, technical questions about watercolor materials, and painting tips go here.","technical_help","WetCanvas","https://www.wetcanvas.com/forums/forum/explore-media/watercolor/","Watercolor forum listing","forum description"
"140","If you are stuck and don't know where to go with a painting, ask for help from your friends in the Studio.","critique_feedback","WetCanvas","https://www.wetcanvas.com/forums/forum/explore-media/watercolor/","Watercolor forum listing","forum description"
"141","Zbukvic technique","technical_help","WetCanvas","https://www.wetcanvas.com/forums/forum/explore-media/watercolor/","Watercolor forum listing","thread title only"
"142","I Purchased All My Watercolor Materials and Have Been Doing Urban Sketches","showcase_reaction","WetCanvas","https://www.wetcanvas.com/forums/forum/explore-media/watercolor/","Watercolor forum listing","thread title only"
"143","Disposing of watercolor dirty water","technical_help","WetCanvas","https://www.wetcanvas.com/forums/forum/explore-media/watercolor/","Watercolor forum listing","thread title only"
"144","Back after 5 years. Paint advice needed","critique_feedback","WetCanvas","https://www.wetcanvas.com/forums/forum/explore-media/watercolor/","Watercolor forum listing","thread title only"
"145","What to do when there is no natural shadow?","technical_help","WetCanvas","https://www.wetcanvas.com/forums/forum/explore-media/watercolor/","Watercolor forum listing","thread title only"
"146","Wax medium or varnish for framing without glass","technical_help","WetCanvas","https://www.wetcanvas.com/forums/forum/explore-media/watercolor/","Watercolor forum listing","thread title only"
"147","Grass and the Park (Urban Sketching)","showcase_reaction","WetCanvas","https://www.wetcanvas.com/forums/forum/explore-media/watercolor/","Watercolor forum listing","thread title only"
"148","Dog Prince Charles watercolor WIP","showcase_reaction","WetCanvas","https://www.wetcanvas.com/forums/forum/explore-media/watercolor/","Watercolor forum listing","thread title only"
"149","There isn't really any pattern to the shadow work. The shadows seem fairly randomly placed rather than the shadows being cast by something. I would recommend trying to design a shadow pattern.","critique_feedback","WetCanvas","https://www.wetcanvas.com/forums/topic/critique-request-landscape-watercolor/","Critique request: landscape watercolor","public forum post"
"150","I think you did a fairly good job of having the sun's warmth in the colors on the trees, but a bit less well on the colors of the rocks.","critique_feedback","WetCanvas","https://www.wetcanvas.com/forums/topic/critique-request-landscape-watercolor/","Critique request: landscape watercolor","public forum post"
"151","I think you didn't quite manage the big shapes in the rock column. It's rather flat and doesn't really have the bulging on the lower large area.","critique_feedback","WetCanvas","https://www.wetcanvas.com/forums/topic/critique-request-landscape-watercolor/","Critique request: landscape watercolor","public forum post"
"152","Perhaps a bit more attention could have been used to the background water. If you want a master watercolorist to look at who painted water well, look at William Trost Richards watercolor sketches.","critique_feedback","WetCanvas","https://www.wetcanvas.com/forums/topic/critique-request-landscape-watercolor/","Critique request: landscape watercolor","public forum post"
"153","I think you could have been bolder with the colors. This is an area noted for the powerful colors in the rocks.","critique_feedback","WetCanvas","https://www.wetcanvas.com/forums/topic/critique-request-landscape-watercolor/","Critique request: landscape watercolor","public forum post"
"154","The bright area of rock is not centered in the picture though it is sitting right up against the center line of the painting.","critique_feedback","WetCanvas","https://www.wetcanvas.com/forums/topic/critique-request-landscape-watercolor/","Critique request: landscape watercolor","public forum post"
"155","I like some of the values you've placed here. There are definitely deep and dark shadows in those trees in real life too. General design is working.","critique_feedback","WetCanvas","https://www.wetcanvas.com/forums/topic/critique-request-landscape-watercolor/","Critique request: landscape watercolor","public forum post"
"156","I like that you didn't paint every crack and crevice in these rocks. It would have been really tempting to do.","critique_feedback","WetCanvas","https://www.wetcanvas.com/forums/topic/critique-request-landscape-watercolor/","Critique request: landscape watercolor","public forum post"
"157","Sanlynn, painting fast works for you. It's lovely.","showcase_reaction","WetCanvas","https://www.wetcanvas.com/forums/topic/watercolor-challenge-july-2025/","Watercolor Challenge July 2025","public forum post"
"158","Kay, very nice light and shadow.","showcase_reaction","WetCanvas","https://www.wetcanvas.com/forums/topic/watercolor-challenge-july-2025/","Watercolor Challenge July 2025","public forum post"
"159","Cindy, lovely blossoms. The cucumber does look good and I like your yard.","showcase_reaction","WetCanvas","https://www.wetcanvas.com/forums/topic/watercolor-challenge-july-2025/","Watercolor Challenge July 2025","public forum post"
"160","Michelle that is so delicately done. Beautiful work and thanks for participating this month.","showcase_reaction","WetCanvas","https://www.wetcanvas.com/forums/topic/watercolor-challenge-july-2025/","Watercolor Challenge July 2025","public forum post"
"161","Sandra, fresh and delicately rendered!","showcase_reaction","WetCanvas","https://www.wetcanvas.com/forums/topic/watercolor-challenge-july-2025/","Watercolor Challenge July 2025","public forum post"
"162","That's a lovely soft painting of the apple blossoms. So fast too!","showcase_reaction","WetCanvas","https://www.wetcanvas.com/forums/topic/watercolor-challenge-july-2025/","Watercolor Challenge July 2025","public forum post"
"163","Doubtful I could do better, Doug, as that is a difficult subject. The fact that you did the drawing and washes in 45 minutes is astonishing.","showcase_reaction","WetCanvas","https://www.wetcanvas.com/forums/topic/watercolor-challenge-june-2024-coffee-time/","Watercolor Challenge June 2024","public forum post"
"164","I would have varied the size of them but going with what you have there, I'd like to see more variety of color and tones.","critique_feedback","WetCanvas","http://www.wetcanvas.com/forums/archive/index.php/t-928009.html","Please critique this - Poppies","public archive post"
"165","The two right poppies are almost the same, and the two buds at the top have very similar angles, would be better if there was more variation there. But you got the delicate petals nicely!","critique_feedback","WetCanvas","http://www.wetcanvas.com/forums/archive/index.php/t-928009.html","Please critique this - Poppies","public archive post"
"166","I like your colour and the washes, nice patterns. Agree on the darks. Would be better if there was more variation in the buds.","critique_feedback","WetCanvas","http://www.wetcanvas.com/forums/archive/index.php/t-928009.html","Please critique this - Poppies","public archive post"
"167","A few more darks below would help, I guess. But that is just an opinion.","critique_feedback","WetCanvas","http://www.wetcanvas.com/forums/archive/index.php/t-928009.html","Please critique this - Poppies","public archive post"
"168","Keep the word Change, Change, Change in your head. You have done well with this painting.","critique_feedback","WetCanvas","http://www.wetcanvas.com/forums/archive/index.php/t-928009.html","Please critique this - Poppies","public archive post"
"169","If this is a portrait, it is of a beautiful person. Excepting for the absolute regularity of the eyes (which seems unnatural), this is a gorgeous painting.","critique_feedback","WetCanvas","http://www.wetcanvas.com/forums/archive/index.php/t-8620.html","My first attempt at watercolor portrait","public archive post"
"170","Your washes have a slightly patchy look. Make sure you mix plenty of colour and use the largest brush you can get away with.","critique_feedback","WetCanvas","http://www.wetcanvas.com/forums/archive/index.php/t-8620.html","My first attempt at watercolor portrait","public archive post"
"171","If you soften some of the edges where there is less tonal contrast, you will get a much more natural look in the eyes.","critique_feedback","WetCanvas","http://www.wetcanvas.com/forums/archive/index.php/t-8620.html","My first attempt at watercolor portrait","public archive post"
"172","Have another look at the eyes and really try to see how many different colours are in them and where there is strong contrast of light and shade.","critique_feedback","WetCanvas","http://www.wetcanvas.com/forums/archive/index.php/t-8620.html","My first attempt at watercolor portrait","public archive post"
"173","There is no easy answer. I have been to 3-day workshops for £40 that have been BRILLIANT and weekends for 5 times that amount that have been just OK. It all depends on the teacher.","meta_opinion","WetCanvas","https://www.wetcanvas.com/forums/topic/are-watercolor-workshops-really-worth-the-money/","Are Watercolor Workshops really worth the money?","public forum post"
"174","You need to know what you want to get out of it and whether that workshop is likely to supply it at a reasonable cost.","meta_opinion","WetCanvas","https://www.wetcanvas.com/forums/topic/are-watercolor-workshops-really-worth-the-money/","Are Watercolor Workshops really worth the money?","public forum post"
"175","Some teachers can only produce clones; others encourage everyone to do their own thing; some are proactive, some reactive and some downright lazy.","meta_opinion","WetCanvas","https://www.wetcanvas.com/forums/topic/are-watercolor-workshops-really-worth-the-money/","Are Watercolor Workshops really worth the money?","public forum post"
"176","Getting the feedback at workshops is priceless. Your line up of instructors is pretty impressive.","meta_opinion","WetCanvas","https://www.wetcanvas.com/forums/topic/are-watercolor-workshops-really-worth-the-money/","Are Watercolor Workshops really worth the money?","public forum post"
"177","Just having some structured painting time and seeing everyone else's techniques made the workshop well worth the money.","meta_opinion","WetCanvas","https://www.wetcanvas.com/forums/topic/are-watercolor-workshops-really-worth-the-money/","Are Watercolor Workshops really worth the money?","public forum post"
"178","It is GREAT to go to a good workshop, and you will retain what you learn if you take notes.","meta_opinion","WetCanvas","https://www.wetcanvas.com/forums/topic/are-watercolor-workshops-really-worth-the-money/","Are Watercolor Workshops really worth the money?","public forum post"
"179","Separating professional watercolour artists from those who paint for enjoyment will serve no real purpose, except to create an us-and-them mentality.","meta_opinion","WetCanvas","http://www.wetcanvas.com/forums/archive/index.php/t-339742.html","Why watercolor doesn't get more respect","public archive post"
"180","In my opinion, there are many artists here who would describe themselves as amateur, but their work is as good or better than some of the professionals.","meta_opinion","WetCanvas","http://www.wetcanvas.com/forums/archive/index.php/t-339742.html","Why watercolor doesn't get more respect","public archive post"
"181","I don't participate in posting watercolor paintings in the Gallery anymore. The reason is because I don't get enough professional advice and critique.","meta_opinion","WetCanvas","http://www.wetcanvas.com/forums/archive/index.php/t-339742.html","Why watercolor doesn't get more respect","public archive post"
"182","I've been using Qor colors a lot since the summer and although I am pleased overall with how they handle I am still undecided whether they're worth the cost.","meta_opinion","WetCanvas","https://www.wetcanvas.com/forums/topic/qor-watercolor-vs-mgraham-in-plein-air-and-studio/","QOR watercolor vs MGraham","public forum post"
"183","I don't care for their burnt sienna, which is a key color for me. Too dull and opaque.","meta_opinion","WetCanvas","https://www.wetcanvas.com/forums/topic/qor-watercolor-vs-mgraham-in-plein-air-and-studio/","QOR watercolor vs MGraham","public forum post"
"184","My complaints with M. Graham? They're almost too intense so you need to factor that into your technique.","meta_opinion","WetCanvas","https://www.wetcanvas.com/forums/topic/qor-watercolor-vs-mgraham-in-plein-air-and-studio/","QOR watercolor vs MGraham","public forum post"
"185","The more important consideration in buying paints is understanding how one paints, the subjects one prefers, and translating that into which colors make most sense to purchase.","meta_opinion","WetCanvas","https://www.wetcanvas.com/forums/topic/qor-watercolor-vs-mgraham-in-plein-air-and-studio/","QOR watercolor vs MGraham","public forum post"
"186","A real tour de force, Virgil. Using colour like that certainly gets your work noticed.","critique_feedback","WetCanvas","https://www.wetcanvas.com/forums/topic/contrast-thinking-about-and-using-it-effectively/","Contrast: Thinking About and Using It Effectively","public forum post"
"187","Excellent lesson on color and contrast. Clearly expressed and condensed a book's worth of information. I credit you with opening my eyes to color.","critique_feedback","WetCanvas","https://www.wetcanvas.com/forums/topic/contrast-thinking-about-and-using-it-effectively/","Contrast: Thinking About and Using It Effectively","public forum post"
"188","It takes a little practice to implement a more colorful style. Your tutorials give direction each time I come back to them.","critique_feedback","WetCanvas","https://www.wetcanvas.com/forums/topic/contrast-thinking-about-and-using-it-effectively/","Contrast: Thinking About and Using It Effectively","public forum post"
"189","It's only after one has gained some understanding and skill with the technical side of watercolor that one begins to apply it in creative ways.","meta_opinion","WetCanvas","https://www.wetcanvas.com/forums/topic/analyzing-and-evaluating-paintings/","Analyzing and Evaluating Paintings","public forum post"
"190","To make art, as opposed to making paintings, we must be able to make unique and creative work, and not simply accurate renderings or derivative works of something existing.","meta_opinion","WetCanvas","https://www.wetcanvas.com/forums/topic/analyzing-and-evaluating-paintings/","Analyzing and Evaluating Paintings","public forum post"
"191","Art might be about intent, but if you don't work on the means to express it you'll be left with intent and not much else.","meta_opinion","WetCanvas","https://www.wetcanvas.com/forums/topic/analyzing-and-evaluating-paintings/","Analyzing and Evaluating Paintings","public forum post"
"192","If you can't render any object, you can't tell a story in paint. Intent without craft is not enough.","meta_opinion","WetCanvas","https://www.wetcanvas.com/forums/topic/analyzing-and-evaluating-paintings/","Analyzing and Evaluating Paintings","public forum post"
"193","The sketchbook I used was a thin one meant for sketching, so when I applied watercolor, the paper became wavy and soft. I plan to buy a proper watercolor sketchbook like the Canson XL.","technical_help","WetCanvas","https://www.wetcanvas.com/forums/topic/2025-06-24-tuesday-watercolor-practice/","2025 Watercolor Practice thread","public forum post"
"194","If I may ask, why are you thinking of acrylic gouache instead of classic gouache? Acrylic gouache is more or less thinned acrylic paint, while classic gouache is truly a separate medium.","technical_help","WetCanvas","https://www.wetcanvas.com/forums/topic/2025-06-24-tuesday-watercolor-practice/","2025 Watercolor Practice thread","public forum post"
"195","I found the 200lb Saunders Waterford paper that was mentioned as high-quality. However, the price is higher than I expected as a beginner.","technical_help","WetCanvas","https://www.wetcanvas.com/forums/topic/2025-06-24-tuesday-watercolor-practice/","2025 Watercolor Practice thread","public forum post"
"196","Classic gouache works on good watercolor paper, so you might want to consider just buying the WC paper rather than getting an acrylic sketchbook.","technical_help","WetCanvas","https://www.wetcanvas.com/forums/topic/2025-06-24-tuesday-watercolor-practice/","2025 Watercolor Practice thread","public forum post"
"197","It's too hot here to do much of anything so I played in the water. This was done very quickly as you can probably tell. I may try another later in the month.","showcase_reaction","WetCanvas","https://www.wetcanvas.com/forums/topic/watercolor-challenge-july-2025/","Watercolor Challenge July 2025","public forum post"
"198","Here is my apple blossoms. I'm not sure but I think the excessive heat is making my paints behave differently. I will have to try again.","showcase_reaction","WetCanvas","https://www.wetcanvas.com/forums/topic/watercolor-challenge-july-2025/","Watercolor Challenge July 2025","public forum post"
"199","I like how the cucumber looks. Here is my attempt at the cucumber plant. It's 9x12 on 140 lb wc paper.","showcase_reaction","WetCanvas","https://www.wetcanvas.com/forums/topic/watercolor-challenge-july-2025/","Watercolor Challenge July 2025","public forum post"
"200","I got one done in a little sketchbook, about 4.5 x 3.5 inches. Just a touch of white acrylic for a few highlights.","showcase_reaction","WetCanvas","https://www.wetcanvas.com/forums/topic/watercolor-challenge-july-2025/","Watercolor Challenge July 2025","public forum post"
"201","Good results Doug! OK I darkened some of the colours. Might be better in gouache. I'm sure you could do better.","critique_feedback","WetCanvas","https://www.wetcanvas.com/forums/topic/watercolor-challenge-june-2024-coffee-time/","Watercolor Challenge June 2024","public forum post"
"202","I think it warrants more than 2 hours to complete — the drawing and underwashes alone take 45 minutes in class.","critique_feedback","WetCanvas","https://www.wetcanvas.com/forums/topic/watercolor-challenge-june-2024-coffee-time/","Watercolor Challenge June 2024","public forum post"
"203","When choosing to buy watercolors, I consider first the smoothness of the paint when drawing, and then whether the color is dark enough — darker usually means more pigment.","meta_opinion","WetCanvas","https://www.wetcanvas.com/forums/topic/starting-a-handmade-watercolor-business-looking-for-feedback/","Starting a handmade watercolor business","public forum post"
"204","Sending out samples for honest reviews is a solid move. Getting insights on the strengths and areas to improve is gold for a new paint maker.","meta_opinion","WetCanvas","https://www.wetcanvas.com/forums/topic/starting-a-handmade-watercolor-business-looking-for-feedback/","Starting a handmade watercolor business","public forum post"
"205","I have been annoyed by insects attracted to the honey binder in M. Graham but that shouldn't stop you from considering them. They're a fantastic paint.","meta_opinion","WetCanvas","https://www.wetcanvas.com/forums/topic/qor-watercolor-vs-mgraham-in-plein-air-and-studio/","QOR watercolor vs MGraham","public forum post"
"206","Nice loose and lovely poppies! I like it — the differences in spacing makes it interesting, as if one of them is estranged from the family.","critique_feedback","WetCanvas","http://www.wetcanvas.com/forums/archive/index.php/t-928009.html","Please critique this - Poppies","public archive post"
"207","For your first watercolor I think you've done well. You've kept your colors fresh and clean and have a nice looseness of stroke. Keep painting.","critique_feedback","WetCanvas","http://www.wetcanvas.com/forums/archive/index.php/t-935943.html","my first watercolor","public archive post"
"208","I started out as a tonalist, but even my instructor at the art league has noticed I am becoming more of a colorist. I credit these tutorials for opening my eyes.","critique_feedback","WetCanvas","https://www.wetcanvas.com/forums/topic/contrast-thinking-about-and-using-it-effectively/","Contrast: Thinking About and Using It Effectively","public forum post"
"209","The pattern is confusing because it says to work in rows 9-12 the same as row 8 — that reading would make the stitch count work out correctly.","critique_feedback","KnittingHelp","https://forum.knittinghelp.com/t/crochet-pattern-help/170747","Crochet Pattern Help","public forum post"
"210","I don't see your FPDC stitches criss-crossing at all in this photo — that's why the cable looks flat rather than raised.","critique_feedback","KnittingHelp","https://forum.knittinghelp.com/t/stuck-on-a-cable-stitch/165210","Stuck on a cable stitch","public forum post"
"211","The latter was much less stiff and brought out the stitch pattern more clearly — the difference in hook size really changed the fabric hand.","critique_feedback","KnittingHelp","https://forum.knittinghelp.com/t/tunisian-crochet/161008","Tunisian crochet","public forum post"
"212","Wow, that's exactly how I would like my cables to look. Your technique in the photos shows the FPDC criss-crossing the way the pattern intends.","critique_feedback","KnittingHelp","https://forum.knittinghelp.com/t/stuck-on-a-cable-stitch/165210","Stuck on a cable stitch","public forum post"
